Bryce,Harper,BryceHarper@phillies.com
Rhys,Hoskins,RhysHoskins@phillies.com
Aaron,Nola,AaronNola@phillies.com
Zach,Eflin ,ZachEflinr@philliescom
Matt,Moore,MattMoore@phillies
Alec,Bohm,AlecBohm_phillies.com
